{
  "abstract_label_only_precision": 1.0,
  "abstract_label_only_recall": 0.07894736842105263,
  "abstract_label_only_f1": 0.14634146341463414,
  "abstract_rationalized_precision": 0.6666666666666666,
  "abstract_rationalized_recall": 0.05263157894736842,
  "abstract_rationalized_f1": 0.09756097560975609,
  "sentence_selection_precision": 0.75,
  "sentence_selection_recall": 0.0594059405940594,
  "sentence_selection_f1": 0.11009174311926605,
  "sentence_label_precision": 0.75,
  "sentence_label_recall": 0.0594059405940594,
  "sentence_label_f1": 0.11009174311926605
}